WeatherPy_Database,City,Country,Date,Lat,Lng,Max Temp,Humidity,Cloudiness,Wind Speed
0,Arraial Do Cabo,BR,2021-03-15 00:57:26,-22.9661,-42.0278,77.13,84,100,15.86
1,Victoria,HK,2021-03-15 00:56:28,22.2855,114.1577,71.01,78,96,1.99
2,Srednekolymsk,RU,2021-03-15 00:57:34,67.45,153.6833,-8.5,90,0,8.77
3,Ballybofey,IE,2021-03-15 00:57:34,54.8,-7.7833,43.39,95,99,7.47
4,Hithadhoo,MV,2021-03-15 00:57:35,-0.6,73.0833,84.06,63,100,5.99
5,Punta Arenas,CL,2021-03-15 00:54:09,-53.15,-70.9167,48.2,81,75,6.91
6,Bluff,NZ,2021-03-15 00:57:12,-46.6,168.3333,57.99,94,100,11.99
7,Imbituba,BR,2021-03-15 00:57:36,-28.24,-48.6703,73.4,94,75,3.44
8,Ushuaia,AR,2021-03-15 00:56:29,-54.8,-68.3,50.0,62,75,9.22
9,Puerto Ayora,EC,2021-03-15 00:57:36,-0.7393,-90.3518,79.0,90,100,4.23
10,San Lorenzo,PY,2021-03-15 00:57:37,-25.3333,-57.5333,80.6,57,0,3.44
11,Sakakah,SA,2021-03-15 00:57:37,29.9697,40.2064,60.8,27,100,4.61
12,Port Augusta,AU,2021-03-15 00:57:37,-32.5,137.7667,66.0,59,0,11.5
13,Ilulissat,GL,2021-03-15 00:57:38,69.2167,-51.1,12.2,52,75,11.5
14,Alpine,US,2021-03-15 00:57:38,32.835,-116.7664,59.0,58,40,9.22
15,Hilo,US,2021-03-15 00:53:06,19.7297,-155.09,75.0,78,90,6.91
16,Bangui,CF,2021-03-15 00:57:38,4.3612,18.555,73.83,88,100,2.35
17,Thinadhoo,MV,2021-03-15 00:57:39,0.5333,72.9333,82.71,71,100,5.03
18,Katsuura,JP,2021-03-15 00:57:39,35.1333,140.3,55.99,35,49,4.0
19,Hami,CN,2021-03-15 00:57:39,42.8,93.45,45.68,42,100,3.85
20,Hambantota,LK,2021-03-15 00:57:40,6.1241,81.1185,71.6,100,20,2.3
21,Mataura,NZ,2021-03-15 00:57:19,-46.1927,168.8643,57.99,94,100,11.99
22,Ambon,ID,2021-03-15 00:57:40,-3.6954,128.1814,84.2,74,20,4.61
23,Chik,RU,2021-03-15 00:57:41,54.9928,82.4311,-0.4,78,0,6.71
24,Port Elizabeth,ZA,2021-03-15 00:57:06,-33.918,25.5701,69.8,94,90,5.75
25,Muros,ES,2021-03-15 00:57:21,42.7762,-9.0603,44.01,91,0,10.31
26,Lahaina,US,2021-03-15 00:57:41,20.8783,-156.6825,78.8,100,75,10.36
27,Karratha,AU,2021-03-15 00:57:42,-20.7377,116.8463,88.41,49,50,23.44
28,Torbay,CA,2021-03-15 00:57:42,47.6666,-52.7314,28.0,93,90,6.38
29,Pisco,PE,2021-03-15 00:57:09,-13.7,-76.2167,78.8,61,0,17.27
30,New Norfolk,AU,2021-03-15 00:57:43,-42.7826,147.0587,70.0,41,66,3.0
31,Shingu,JP,2021-03-15 00:57:43,33.7333,135.9833,53.6,54,20,13.8
32,Omsukchan,RU,2021-03-15 00:57:43,62.5333,155.8,2.73,74,58,4.18
33,Bengkulu,ID,2021-03-15 00:57:01,-3.8004,102.2655,80.28,76,9,3.91
34,Vila Franca Do Campo,PT,2021-03-15 00:54:36,37.7167,-25.4333,60.8,100,75,6.91
35,Kaitangata,NZ,2021-03-15 00:57:03,-46.2817,169.8464,64.99,64,100,13.0
36,Hermanus,ZA,2021-03-15 00:57:22,-34.4187,19.2345,64.0,95,78,1.01
37,Eureka,US,2021-03-15 00:52:44,40.8021,-124.1637,41.0,87,100,3.0
38,Cape Town,ZA,2021-03-15 00:55:30,-33.9258,18.4232,68.0,88,90,17.27
39,Puerto Carreno,CO,2021-03-15 00:57:45,6.189,-67.4859,84.34,57,76,11.41
40,Adrar,MR,2021-03-15 00:57:45,20.5022,-10.0711,70.86,26,0,9.04
41,Leh,IN,2021-03-15 00:57:45,34.1667,77.5833,19.71,79,44,1.83
42,Luderitz,NA,2021-03-15 00:53:16,-26.6481,15.1594,64.8,79,0,17.78
43,Rikitea,PF,2021-03-15 00:56:59,-23.1203,-134.9692,81.72,71,12,6.49
44,Chuy,UY,2021-03-15 00:57:09,-33.6971,-53.4616,63.81,81,0,5.61
45,Naze,JP,2021-03-15 00:57:46,28.3667,129.4833,68.0,56,0,4.61
46,Dobric,RS,2021-03-15 00:57:47,44.7019,19.5814,45.0,92,100,8.84
47,Cabrera,DO,2021-03-15 00:57:47,19.6426,-69.9049,71.01,79,7,1.01
48,Ponta Do Sol,PT,2021-03-15 00:57:06,32.6667,-17.1,55.99,85,100,5.01
49,Kavieng,PG,2021-03-15 00:57:47,-2.5744,150.7967,84.72,63,80,4.74
50,Muravlenko,RU,2021-03-15 00:57:48,63.7898,74.523,12.04,95,97,11.14
51,Ucluelet,CA,2021-03-15 00:55:55,48.9329,-125.5528,45.0,57,20,21.85
52,Severo-Kurilsk,RU,2021-03-15 00:57:48,50.6789,156.125,34.93,85,21,5.3
53,Bredasdorp,ZA,2021-03-15 00:57:25,-34.5322,20.0403,66.2,94,100,2.3
54,Dingle,PH,2021-03-15 00:53:04,10.9995,122.6711,82.24,78,0,4.41
55,Rawlins,US,2021-03-15 00:57:49,41.7911,-107.2387,26.6,74,90,14.97
56,Butaritari,KI,2021-03-15 00:57:13,3.0707,172.7902,81.32,79,25,14.88
57,Souillac,MU,2021-03-15 00:57:05,-20.5167,57.5167,75.2,100,75,3.44
58,The Valley,AI,2021-03-15 00:57:49,18.217,-63.0578,77.0,73,20,3.44
59,Tuatapere,NZ,2021-03-15 00:57:50,-46.1333,167.6833,57.99,94,100,11.99
60,Carnarvon,AU,2021-03-15 00:57:50,-24.8667,113.6333,82.4,74,0,5.75
61,Avarua,CK,2021-03-15 00:57:01,-21.2078,-159.775,84.2,74,9,9.22
62,Merauke,ID,2021-03-15 00:57:51,-8.4667,140.3333,84.69,67,44,2.57
63,San Matias,BO,2021-03-15 00:57:51,-16.3667,-58.4,74.82,91,100,3.2
64,Polyarnyy,RU,2021-03-15 00:53:19,69.1989,33.4478,24.8,93,75,4.47
65,Padang,ID,2021-03-15 00:57:52,-0.9492,100.3543,77.0,88,20,2.3
66,Esperance,AU,2021-03-15 00:54:24,-33.8667,121.9,60.8,67,74,12.66
67,Yamasaki,JP,2021-03-15 00:57:52,35.0,134.55,50.0,87,20,2.3
68,Albany,US,2021-03-15 00:53:29,42.6001,-73.9662,27.0,29,17,7.0
69,Upernavik,GL,2021-03-15 00:57:53,72.7868,-56.1549,-5.62,99,99,6.04
70,Saskylakh,RU,2021-03-15 00:57:53,71.9167,114.0833,-26.73,91,93,4.25
71,Vaini,TO,2021-03-15 00:57:02,-21.2,-175.2,80.6,78,75,5.75
72,Dukat,RU,2021-03-15 00:57:54,62.55,155.55,-0.98,85,87,4.97
73,Kahului,US,2021-03-15 00:54:32,20.8947,-156.47,78.8,69,40,5.75
74,Pangnirtung,CA,2021-03-15 00:57:55,66.1451,-65.7125,-16.76,88,6,1.59
75,Chokurdakh,RU,2021-03-15 00:57:55,70.6333,147.9167,-16.24,91,0,5.79
76,Saint George,US,2021-03-15 00:53:01,37.1041,-113.5841,60.01,33,1,13.8
77,Safranbolu,TR,2021-03-15 00:57:56,41.2508,32.6942,45.0,72,90,1.88
78,Santiago,CL,2021-03-15 00:57:56,-33.4569,-70.6483,71.01,63,20,14.97
79,Port Alfred,ZA,2021-03-15 00:57:01,-33.5906,26.891,69.01,96,95,1.01
80,Provideniya,RU,2021-03-15 00:57:56,64.3833,-173.3,26.19,93,100,8.68
81,Hobart,AU,2021-03-15 00:56:54,-42.8794,147.3294,70.0,43,40,14.97
82,Guerrero Negro,MX,2021-03-15 00:57:57,27.9769,-114.0611,59.32,67,55,20.33
83,Lermontovka,RU,2021-03-15 00:57:57,47.1453,134.3383,38.7,67,0,9.17
84,Apomu,NG,2021-03-15 00:57:58,7.3333,4.1833,75.88,85,94,3.58
85,Cockburn Town,TC,2021-03-15 00:57:58,21.4612,-71.1419,73.4,64,20,9.22
86,Yatou,CN,2021-03-15 00:57:59,37.15,122.3833,49.55,72,100,18.72
87,Cabo San Lucas,MX,2021-03-15 00:57:59,22.8909,-109.9124,72.0,53,20,4.61
88,Manzanillo,CU,2021-03-15 00:57:59,20.3433,-77.1167,76.86,66,95,10.0
89,Ribeira Grande,PT,2021-03-15 00:58:00,38.5167,-28.7,60.64,91,10,8.37
90,Ostrovnoy,RU,2021-03-15 00:58:00,68.0531,39.5131,21.97,92,96,5.21
91,Siocon,PH,2021-03-15 00:58:00,7.7061,122.1353,83.57,74,5,3.49
92,Sayyan,YE,2021-03-15 00:58:01,15.1718,44.3244,53.17,23,10,4.74
93,Leningradskiy,RU,2021-03-15 00:58:01,69.3833,178.4167,2.16,94,100,14.09
94,Nome,US,2021-03-15 00:58:02,64.5011,-165.4064,21.2,93,90,12.66
95,Mackay,AU,2021-03-15 00:58:02,-21.15,149.2,87.01,61,47,8.05
96,Castro,BR,2021-03-15 00:58:02,-24.7911,-50.0119,64.6,81,40,3.2
97,Clyde River,CA,2021-03-15 00:58:03,70.4692,-68.5914,-7.6,77,75,25.32
98,Ubauro,PK,2021-03-15 00:58:03,28.1652,69.7289,69.12,43,65,14.16
99,Krasnoselkup,RU,2021-03-15 00:58:04,65.7,82.4667,6.8,96,100,5.88
100,Grafton,US,2021-03-15 00:58:04,42.207,-71.6856,27.0,36,1,14.97
101,Ngunguru,NZ,2021-03-15 00:58:04,-35.6167,174.5,73.99,68,5,10.0
102,Qaanaaq,GL,2021-03-15 00:57:12,77.484,-69.3632,-5.6,63,99,6.67
103,Nuzvid,IN,2021-03-15 00:58:05,16.7833,80.85,73.4,94,40,3.44
104,Tankhoy,RU,2021-03-15 00:58:05,51.5528,105.1306,14.11,78,0,3.78
105,Hasaki,JP,2021-03-15 00:56:59,35.7333,140.8333,55.99,43,20,6.91
106,Barrow,US,2021-03-15 00:58:06,71.2906,-156.7887,-2.2,71,1,18.41
107,Faanui,PF,2021-03-15 00:57:10,-16.4833,-151.75,82.92,73,36,11.32
108,Atuona,PF,2021-03-15 00:57:19,-9.8,-139.0333,80.2,64,1,10.07
109,Nouadhibou,MR,2021-03-15 00:55:15,20.931,-17.0347,65.52,70,0,18.7
110,Vila,PT,2021-03-15 00:58:07,42.0304,-8.1588,46.0,85,1,1.01
111,Saldanha,ZA,2021-03-15 00:58:07,-33.0117,17.9442,62.6,94,36,14.97
112,Mehamn,NO,2021-03-15 00:58:07,71.0357,27.8492,29.73,95,100,14.79
113,Coihaique,CL,2021-03-15 00:58:08,-45.5752,-72.0662,59.0,67,0,3.44
114,Sao Felix Do Xingu,BR,2021-03-15 00:56:10,-6.6447,-51.995,71.87,97,98,0.27
115,Tuktoyaktuk,CA,2021-03-15 00:57:17,69.4541,-133.0374,-16.6,76,40,11.5
116,Bangangte,CM,2021-03-15 00:58:08,5.1409,10.5198,62.44,94,100,3.85
117,Busselton,AU,2021-03-15 00:57:20,-33.65,115.3333,66.0,57,0,10.0
118,Biak,ID,2021-03-15 00:58:09,-0.9131,122.8766,82.65,69,42,1.86
119,Tasiilaq,GL,2021-03-15 00:57:07,65.6145,-37.6368,24.8,68,90,25.32
120,Tiksi,RU,2021-03-15 00:58:09,71.6872,128.8694,2.88,88,100,4.45
121,Goderich,CA,2021-03-15 00:58:10,43.7501,-81.7165,26.6,59,0,12.66
122,Manavgat,TR,2021-03-15 00:58:10,36.7867,31.4431,53.01,100,75,8.05
123,Mantua,IT,2021-03-15 00:58:11,45.1667,10.7833,36.0,90,0,1.99
124,Vadso,NO,2021-03-15 00:58:11,70.0744,29.7487,26.6,93,75,1.14
125,Georgetown,MY,2021-03-15 00:57:20,5.4112,100.3354,82.0,83,20,3.44
126,Palatka,US,2021-03-15 00:58:12,29.6486,-81.6376,72.0,59,78,4.12
127,Morondava,MG,2021-03-15 00:58:12,-20.2833,44.2833,77.72,78,0,5.3
128,Novo Aripuana,BR,2021-03-15 00:58:12,-5.1206,-60.3797,73.78,94,100,0.89
129,Upata,VE,2021-03-15 00:58:13,8.0086,-62.3989,71.74,90,43,6.89
130,Sambava,MG,2021-03-15 00:58:13,-14.2667,50.1667,76.08,86,66,6.15
131,Nikolskoye,RU,2021-03-15 00:57:23,59.7035,30.7861,36.0,93,90,6.71
132,Richards Bay,ZA,2021-03-15 00:55:58,-28.783,32.0377,71.44,94,29,7.11
133,Mogadishu,SO,2021-03-15 00:57:05,2.0371,45.3438,79.74,83,100,11.39
134,Sola,VU,2021-03-15 00:58:14,-13.8833,167.55,86.0,79,75,8.93
135,Mineiros,BR,2021-03-15 00:58:15,-17.5694,-52.5511,69.93,88,100,2.53
136,Tommot,RU,2021-03-15 00:58:15,58.9564,126.2925,9.88,81,100,13.42
137,Talnakh,RU,2021-03-15 00:57:18,69.4865,88.3972,-27.76,99,67,2.71
138,Conceicao Da Barra,BR,2021-03-15 00:58:15,-18.5933,-39.7322,75.0,86,65,5.19
139,Fortuna,US,2021-03-15 00:58:16,40.5982,-124.1573,42.01,94,100,3.51
140,Uhlove,UA,2021-03-15 00:58:16,44.8215,33.6045,44.01,38,0,5.86
141,Kapaa,US,2021-03-15 00:55:41,22.0752,-159.319,73.4,88,75,20.71
142,Muborak,UZ,2021-03-15 00:58:17,39.2553,65.1528,32.22,56,100,6.87
143,Springfield,US,2021-03-15 00:58:00,37.2153,-93.2982,57.0,94,90,13.8
144,Zatyshshya,UA,2021-03-15 00:58:17,47.3335,29.8733,38.35,95,100,7.05
145,Oranjemund,NA,2021-03-15 00:55:15,-28.55,16.4333,63.45,85,15,8.46
146,Olinda,BR,2021-03-15 00:58:18,-8.0089,-34.8553,78.8,65,40,12.66
147,Cradock,ZA,2021-03-15 00:58:18,-32.1642,25.6192,65.71,89,52,0.67
148,Kruisfontein,ZA,2021-03-15 00:58:18,-34.0033,24.7314,68.0,97,100,1.99
149,Husavik,IS,2021-03-15 00:58:19,66.0449,-17.3389,19.4,86,0,2.3
150,Paita,PE,2021-03-15 00:58:19,-5.0892,-81.1144,77.4,75,100,11.97
151,Salalah,OM,2021-03-15 00:58:19,17.0151,54.0924,71.6,43,0,4.61
152,Mitchell,US,2021-03-15 00:58:20,43.7094,-98.0298,33.8,86,90,12.66
153,Airai,TL,2021-03-15 00:58:20,-8.9266,125.4092,71.19,67,97,0.51
154,Lata,PT,2021-03-15 00:58:20,40.1629,-8.3327,54.0,88,0,3.56
155,Namibe,AO,2021-03-15 00:57:08,-15.1961,12.1522,76.42,81,100,4.7
156,Chokwe,MZ,2021-03-15 00:58:21,-24.5333,32.9833,66.67,95,0,3.94
157,Pangkalanbuun,ID,2021-03-15 00:58:21,-2.6833,111.6167,78.96,84,99,1.66
158,Bambous Virieux,MU,2021-03-15 00:57:23,-20.3428,57.7575,75.99,100,75,3.44
159,Gloucester,GB,2021-03-15 00:58:22,51.8657,-2.2431,48.0,86,89,1.01
160,Itarema,BR,2021-03-15 00:58:22,-2.9248,-39.9167,77.97,82,0,8.81
161,Lebu,CL,2021-03-15 00:57:07,-37.6167,-73.65,55.53,93,1,3.09
162,Terrasini,IT,2021-03-15 00:58:23,38.146,13.0844,57.2,54,0,23.02
163,Khani,GE,2021-03-15 00:58:23,41.9563,42.9566,48.2,49,0,29.93
164,Hongjiang,CN,2021-03-15 00:58:23,27.11,109.9956,72.14,74,0,7.27
165,Henties Bay,NA,2021-03-15 00:58:24,-22.116,14.2845,62.01,95,4,3.0
166,Consuegra,ES,2021-03-15 00:58:24,39.4625,-3.608,45.0,76,4,7.05
167,Saint-Philippe,RE,2021-03-15 00:57:05,-21.3585,55.7679,77.0,78,20,4.61
168,Shagonar,RU,2021-03-15 00:58:25,51.5333,92.8,0.5,83,100,3.06
169,Harnosand,SE,2021-03-15 00:58:25,62.6323,17.9379,32.0,100,90,2.3
170,Jamestown,US,2021-03-15 00:55:43,42.097,-79.2353,27.0,54,1,10.76
171,Bayangol,RU,2021-03-15 00:58:26,50.6977,103.4656,3.18,67,0,1.66
172,Hamada,JP,2021-03-15 00:58:26,34.8833,132.0833,50.0,81,0,6.91
173,Davila,PH,2021-03-15 00:58:26,18.4726,120.5763,80.6,69,75,2.3
174,Longyearbyen,SJ,2021-03-15 00:58:27,78.2186,15.6401,-2.2,71,20,12.66
175,North Bend,US,2021-03-15 00:58:27,43.4065,-124.2243,44.6,81,90,8.55
176,Dali,CN,2021-03-15 00:58:27,25.7,100.1833,54.79,61,0,3.36
177,Havre-Saint-Pierre,CA,2021-03-15 00:58:28,50.2334,-63.5986,8.6,43,1,11.5
178,Pacific Grove,US,2021-03-15 00:58:28,36.6177,-121.9166,57.99,74,84,5.99
179,Bethel,US,2021-03-15 00:57:58,41.3712,-73.414,28.99,42,10,1.01
180,Pueblo Nuevo,MX,2021-03-15 00:58:29,23.3833,-105.3833,55.45,31,0,3.56
181,Belyy Yar,RU,2021-03-15 00:58:29,53.6039,91.3903,1.4,78,100,4.47
182,Piacabucu,BR,2021-03-15 00:58:29,-10.4056,-36.4344,76.77,73,100,6.55
183,Del Rio,US,2021-03-15 00:58:30,29.3627,-100.8968,78.8,11,1,12.66
184,Margate,GB,2021-03-15 00:57:16,51.3813,1.3862,46.99,77,100,4.0
185,Carutapera,BR,2021-03-15 00:58:30,-1.195,-46.02,76.39,90,0,4.21
186,Nivala,FI,2021-03-15 00:58:31,63.9167,24.9667,25.36,98,100,2.42
187,Khatanga,RU,2021-03-15 00:58:31,71.9667,102.5,-20.42,94,100,11.12
188,Namtsy,RU,2021-03-15 00:58:32,62.7161,129.6658,12.2,73,40,15.66
189,Troitsko-Pechorsk,RU,2021-03-15 00:58:32,62.7084,56.1964,19.35,93,100,8.16
190,Shasta Lake,US,2021-03-15 00:58:32,40.6804,-122.3708,48.0,90,100,3.58
191,Orimattila,FI,2021-03-15 00:58:33,60.8049,25.7296,33.01,99,100,2.19
192,Thompson,CA,2021-03-15 00:57:24,55.7435,-97.8558,26.6,36,75,8.05
193,East London,ZA,2021-03-15 00:58:33,-33.0153,27.9116,73.15,86,97,6.71
194,Puerto Escondido,MX,2021-03-15 00:58:34,15.85,-97.0667,84.2,70,40,4.72
195,Lavrentiya,RU,2021-03-15 00:58:34,65.5833,-171.0,25.54,90,100,17.72
196,Cherskiy,RU,2021-03-15 00:57:14,68.75,161.3,-11.9,88,100,7.87
197,Atar,MR,2021-03-15 00:58:35,20.5169,-13.0499,70.95,26,0,5.26
198,Le Port,RE,2021-03-15 00:58:35,-20.9373,55.2919,77.0,83,90,11.5
199,Phan Thiet,VN,2021-03-15 00:58:35,10.9333,108.1,77.81,63,87,0.74
200,Murgab,TM,2021-03-15 00:58:36,37.4966,61.9714,33.8,69,90,4.61
201,Fort Nelson,CA,2021-03-15 00:58:36,58.8053,-122.7002,1.4,71,90,6.91
202,Banda Aceh,ID,2021-03-15 00:58:36,5.5577,95.3222,80.29,78,0,11.25
203,Kodiak,US,2021-03-15 00:58:37,57.79,-152.4072,35.6,69,90,28.77
204,Puerto Lopez,CO,2021-03-15 00:58:37,4.0845,-72.956,84.16,55,100,4.65
205,Zinder,NE,2021-03-15 00:58:37,13.8072,8.9881,79.54,12,5,7.63
206,Asbe Teferi,ET,2021-03-15 00:57:16,9.0833,40.8667,62.02,42,39,4.65
207,Mangan,IN,2021-03-15 00:58:38,27.5167,88.5333,61.63,45,0,4.09
208,Bereda,ES,2021-03-15 00:58:38,43.2686,-7.5406,39.99,100,31,1.01
209,Harlingen,US,2021-03-15 00:54:36,26.1906,-97.6961,72.0,68,90,14.97
210,Machala,EC,2021-03-15 00:54:24,-3.2667,-79.9667,78.6,79,100,2.26
211,Crotone,IT,2021-03-15 00:58:39,39.0851,17.1178,42.01,100,90,15.12
212,Phatthalung,TH,2021-03-15 00:58:39,7.5,100.0833,77.0,88,20,3.44
213,Norman Wells,CA,2021-03-15 00:58:40,65.282,-126.8329,-4.0,77,90,13.8
214,Petropavl,KZ,2021-03-15 00:58:40,54.8753,69.1628,0.52,93,0,8.75
215,Porlamar,VE,2021-03-15 00:58:40,10.958,-63.8491,77.0,94,76,14.97
216,Key West,US,2021-03-15 00:57:38,24.5557,-81.7826,75.2,73,1,11.5
217,Yulara,AU,2021-03-15 00:58:41,-25.2406,130.9889,68.0,26,0,21.85
218,Concepcion Del Oro,MX,2021-03-15 00:58:41,24.6333,-101.4167,63.84,8,0,8.3
219,Puerto Penasco,MX,2021-03-15 00:58:42,31.3167,-113.5333,62.01,71,10,8.01
220,Uige,AO,2021-03-15 00:58:42,-7.6087,15.0613,69.42,99,100,2.62
221,Walvis Bay,NA,2021-03-15 00:58:43,-22.9575,14.5053,62.01,88,98,2.3
222,Kununurra,AU,2021-03-15 00:58:09,-15.7667,128.7333,77.0,100,100,6.91
223,Bathsheba,BB,2021-03-15 00:58:43,13.2167,-59.5167,78.8,73,40,11.5
224,Alekseyevskaya,RU,2021-03-15 00:58:44,50.2896,42.1845,28.0,77,100,8.01
225,Narsaq,GL,2021-03-15 00:58:44,60.9167,-46.05,37.4,44,75,28.77
226,Sawakin,SD,2021-03-15 00:58:44,19.1059,37.3321,74.34,81,21,7.56
227,Awjilah,LY,2021-03-15 00:58:45,29.1081,21.2869,57.07,53,0,8.25
228,Yellowknife,CA,2021-03-15 01:07:11,62.456,-114.3525,10.4,79,90,6.91
229,Tura,IN,2021-03-15 00:54:53,25.5198,90.2201,70.3,44,0,2.51
230,Ventersburg,ZA,2021-03-15 00:58:45,-28.0856,27.1381,55.81,40,0,6.69
231,Akdepe,TM,2021-03-15 00:58:46,42.0551,59.3788,17.6,73,100,4.61
232,Progreso,MX,2021-03-15 00:58:17,21.2833,-89.6667,91.4,38,40,10.36
233,Voyvozh,RU,2021-03-15 00:58:46,62.892,54.9635,18.16,94,100,9.1
234,Auki,SB,2021-03-15 00:58:46,-8.7676,160.7034,86.83,63,87,4.81
235,Pambujan,PH,2021-03-15 00:58:47,12.5642,124.9276,83.37,72,0,4.27
236,Los Llanos De Aridane,ES,2021-03-15 00:58:47,28.6585,-17.9182,66.2,72,90,14.97
237,Pokhara,NP,2021-03-15 00:58:48,28.2333,83.9833,62.53,32,0,4.61
238,Aranda De Duero,ES,2021-03-15 00:58:48,41.6704,-3.6892,36.5,80,0,1.81
239,Ancud,CL,2021-03-15 00:58:48,-41.8697,-73.8203,54.0,87,0,2.3
240,Honningsvag,NO,2021-03-15 00:58:49,70.9821,25.9704,29.98,87,100,15.23
241,Poquoson,US,2021-03-15 00:58:49,37.1224,-76.3458,59.0,26,20,10.36
242,Hervey Bay,AU,2021-03-15 00:58:49,-25.2986,152.8535,90.0,58,40,5.75
243,Berezovyy,RU,2021-03-15 00:58:50,51.6667,135.7,40.48,65,67,4.45
244,Omboue,GA,2021-03-15 00:58:50,-1.5746,9.2618,75.72,94,100,10.47
245,Innisfail,AU,2021-03-15 00:58:50,-17.5333,146.0333,82.71,68,81,5.73
246,Vestmannaeyjar,IS,2021-03-15 00:54:20,63.4427,-20.2734,39.27,87,100,20.29
247,Presidencia Roque Saenz Pena,AR,2021-03-15 00:58:23,-26.7852,-60.4388,82.99,42,93,1.01
248,Najran,SA,2021-03-15 00:58:51,17.4924,44.1277,64.4,36,0,3.44
249,Chapais,CA,2021-03-15 00:58:51,49.7834,-74.8492,-4.0,65,75,17.27
250,Balabac,PH,2021-03-15 00:58:52,7.9868,117.0645,82.24,78,2,7.85
251,Morgaushi,RU,2021-03-15 00:58:52,55.9643,46.7743,26.6,93,90,15.66
252,Huilong,CN,2021-03-15 00:58:52,31.8111,121.655,64.0,62,98,4.0
253,Teya,RU,2021-03-15 00:58:53,60.3778,92.6267,-1.23,97,83,6.02
254,Touros,BR,2021-03-15 00:58:53,-5.1989,-35.4608,78.8,78,20,5.75
255,Mayor Pablo Lagerenza,PY,2021-03-15 00:58:54,-19.9309,-60.7718,74.88,85,99,5.53
256,Mahebourg,MU,2021-03-15 00:58:54,-20.4081,57.7,75.2,100,75,3.44
257,Moose Factory,CA,2021-03-15 00:58:54,51.2585,-80.6094,3.2,55,1,8.05
258,Alyangula,AU,2021-03-15 00:58:55,-13.8483,136.4192,87.8,66,40,2.3
259,Haines Junction,CA,2021-03-15 00:58:55,60.7522,-137.5108,12.2,28,0,3.44
260,Ketchikan,US,2021-03-15 00:58:55,55.3422,-131.6461,33.8,75,75,5.75
261,Vardo,NO,2021-03-15 00:58:56,70.3705,31.1107,26.6,93,75,1.14
262,Bako,ET,2021-03-15 00:58:56,5.7833,36.5667,68.67,56,6,5.59
263,Klaksvik,FO,2021-03-15 00:58:56,62.2266,-6.589,39.2,81,75,9.22
264,Libertador General San Martin,AR,2021-03-15 00:57:04,-23.8064,-64.7876,73.99,94,100,2.84
265,Laguna,US,2021-03-15 00:58:57,38.421,-121.4238,57.0,54,90,10.36
266,Batticaloa,LK,2021-03-15 00:58:57,7.7102,81.6924,76.82,77,2,2.35
267,Grindavik,IS,2021-03-15 01:07:17,63.8424,-22.4338,37.4,93,75,6.91
268,Panaba,MX,2021-03-15 00:58:58,21.2833,-88.2667,78.12,67,0,12.37
269,Huarmey,PE,2021-03-15 00:58:58,-10.0681,-78.1522,73.94,73,100,5.1
270,Groningen,NL,2021-03-15 00:58:59,53.25,6.75,42.01,93,75,10.36
271,Uyuni,BO,2021-03-15 00:58:59,-20.4597,-66.825,54.64,53,95,14.16
272,Constitucion,CL,2021-03-15 00:58:59,-35.3333,-72.4167,55.9,90,84,3.87
273,Kungurtug,RU,2021-03-15 00:59:00,50.5994,97.5228,1.24,71,100,2.35
274,Champerico,GT,2021-03-15 00:59:00,14.3,-91.9167,75.2,94,75,7.14
275,Tutoia,BR,2021-03-15 00:59:00,-2.7619,-42.2744,77.5,88,5,7.83
276,Slave Lake,CA,2021-03-15 00:59:01,55.2834,-114.769,41.0,65,90,11.5
277,Ixtapa,MX,2021-03-15 00:59:01,20.7,-105.2,73.4,68,20,9.22
278,Jati,PK,2021-03-15 00:59:02,24.3539,68.2671,69.82,64,0,8.66
279,Tiznit,MA,2021-03-15 00:59:02,29.5833,-9.5,64.81,36,100,0.72
280,Semnan,IR,2021-03-15 00:59:02,35.5729,53.3971,38.75,57,96,0.36
281,Pevek,RU,2021-03-15 00:57:28,69.7008,170.3133,-6.5,95,100,16.02
282,Port Hardy,CA,2021-03-15 00:59:03,50.6996,-127.4199,41.0,70,75,13.8
283,Koumac,NC,2021-03-15 00:59:03,-20.5667,164.2833,82.89,65,36,6.76
284,Kerecsend,HU,2021-03-15 00:59:03,47.8,20.35,45.0,80,100,3.0
285,Iqaluit,CA,2021-03-15 00:59:04,63.7506,-68.5145,-16.6,69,40,26.46
286,Beringovskiy,RU,2021-03-15 00:59:04,63.05,179.3167,11.86,83,100,9.55
287,Pyaozerskiy,RU,2021-03-15 00:59:04,65.8333,31.1667,23.77,98,82,1.52
288,Rundu,NA,2021-03-15 00:59:05,-17.9333,19.7667,65.97,79,1,3.36
289,Atoka,US,2021-03-15 00:59:05,34.4001,-96.0169,59.0,88,1,8.68
290,Strezhevoy,RU,2021-03-15 00:59:05,60.7333,77.5889,14.0,85,90,6.71
291,Porbandar,IN,2021-03-15 00:59:06,21.6422,69.6093,74.07,57,0,12.28
292,Sitka,US,2021-03-15 00:59:06,57.0531,-135.33,33.8,40,40,6.91
293,Neuquen,AR,2021-03-15 00:56:30,-38.9516,-68.0591,75.2,53,0,5.75
294,Dikson,RU,2021-03-15 01:07:21,73.5069,80.5464,-24.36,99,100,12.01
295,Muisne,EC,2021-03-15 00:59:07,0.6,-80.0333,78.06,84,100,5.08
296,Fairbanks,US,2021-03-15 00:54:51,64.8378,-147.7164,21.99,56,1,5.75
297,Helsinki,FI,2021-03-15 00:59:07,60.1695,24.9355,33.01,100,75,2.3
298,Ambilobe,MG,2021-03-15 01:05:01,-13.2,49.05,73.04,94,15,2.33
299,Charlestown,AU,2021-03-15 00:55:42,-32.95,151.6667,71.01,75,99,12.46
300,Cidreira,BR,2021-03-15 00:59:08,-30.1811,-50.2056,73.92,85,83,9.22
301,Comodoro Rivadavia,AR,2021-03-15 00:53:55,-45.8667,-67.5,62.6,72,0,11.5
302,Fayaoue,NC,2021-03-15 00:59:09,-20.65,166.5333,79.68,77,0,15.61
303,Xining,CN,2021-03-15 00:59:09,36.6167,101.7667,45.39,13,0,0.98
304,Isangel,VU,2021-03-15 00:59:10,-19.55,169.2667,82.4,83,75,5.75
305,Lagoa,PT,2021-03-15 00:59:10,39.05,-27.9833,59.63,90,100,12.55
306,Axim,GH,2021-03-15 00:59:10,4.8699,-2.2405,78.3,82,100,2.66
307,Eyl,SO,2021-03-15 00:59:11,7.9803,49.8164,75.94,81,100,12.5
308,Nelson Bay,AU,2021-03-15 00:59:11,-32.7167,152.15,68.0,73,75,11.5
309,Port Lincoln,AU,2021-03-15 00:57:24,-34.7333,135.8667,62.96,77,100,5.59
310,Roma,US,2021-03-15 00:59:12,43.2128,-75.4557,26.01,42,1,13.8
311,Mangaratiba,BR,2021-03-15 00:59:12,-22.9597,-44.0406,77.0,88,40,3.44
312,Hannibal,US,2021-03-15 00:55:25,39.7084,-91.3585,45.0,76,90,8.05
313,Korla,CN,2021-03-15 00:54:15,41.7597,86.1469,51.22,35,100,10.54
314,Kara,TG,2021-03-15 00:58:25,9.5511,1.1861,82.4,47,100,6.91
315,Batsfjord,NO,2021-03-15 00:59:13,70.6345,29.7185,26.6,93,75,1.14
316,Areia Branca,BR,2021-03-15 01:07:25,-4.9561,-37.1369,80.76,69,38,17.85
317,Taonan,CN,2021-03-15 00:59:13,45.3333,122.7833,33.31,27,95,28.52
318,Miyako,JP,2021-03-15 00:59:14,39.6367,141.9525,49.69,71,76,5.28
319,San Cristobal,VE,2021-03-15 00:59:14,7.7669,-72.225,78.8,73,75,4.61
320,Kieta,PG,2021-03-15 00:59:14,-6.2167,155.6333,83.53,68,51,4.21
321,Sumenep,ID,2021-03-15 00:59:15,-7.0167,113.8667,82.53,72,95,2.71
322,Kloulklubed,PW,2021-03-15 00:59:15,7.0419,134.2556,82.4,83,75,6.91
323,Ouadda,CF,2021-03-15 00:59:15,8.0777,22.4007,69.39,69,94,5.3
324,Port Lavaca,US,2021-03-15 00:59:16,28.615,-96.6261,60.8,82,90,6.91
325,Xiantao,CN,2021-03-15 00:59:16,30.3833,113.4,63.73,91,100,1.81
326,Ekuvukeni,ZA,2021-03-15 00:59:17,-28.4675,30.1551,56.48,89,0,2.82
327,Wabana,CA,2021-03-15 00:59:17,47.6332,-52.9481,27.0,93,90,2.17
328,Arkadelphia,US,2021-03-15 00:59:17,34.1209,-93.0538,61.0,95,90,9.22
329,Samarai,PG,2021-03-15 00:59:18,-10.6167,150.6667,83.64,70,40,1.41
330,Kabompo,ZM,2021-03-15 00:59:18,-13.5927,24.2008,62.42,98,41,3.89
331,Aswan,EG,2021-03-15 00:54:30,24.0934,32.907,66.58,41,0,5.84
332,Kumbo,CM,2021-03-15 00:59:18,6.2,10.6667,62.35,86,100,1.12
333,Paciran,ID,2021-03-15 00:59:19,-6.8767,112.3761,80.92,78,95,4.99
334,Abnub,EG,2021-03-15 00:59:19,27.2696,31.1511,57.2,77,0,13.8
335,Na Wa,TH,2021-03-15 00:59:20,17.4897,104.1006,81.0,83,0,7.07
336,Rumoi,JP,2021-03-15 00:59:20,43.9344,141.6428,40.8,68,0,2.15
337,Ewo,CG,2021-03-15 00:59:20,-0.8725,14.8206,73.78,83,100,6.49
338,Lujiang,CN,2021-03-15 00:59:21,31.2581,117.2817,70.0,82,20,4.47
339,Bonfim,BR,2021-03-15 00:59:21,3.0833,-59.95,81.66,69,100,1.99
340,Baguanos,CU,2021-03-15 00:59:21,20.7517,-76.0269,77.0,69,20,12.66
341,Aykhal,RU,2021-03-15 00:59:22,66.0,111.5,-15.88,95,100,17.87
342,Nakonde,ZM,2021-03-15 00:59:22,-9.3421,32.745,56.86,95,49,3.85
343,Bontang,ID,2021-03-15 00:59:22,0.1333,117.5,81.27,75,0,5.73
344,Kulhudhuffushi,MV,2021-03-15 00:59:23,6.6221,73.07,82.85,71,70,11.05
345,Bandarbeyla,SO,2021-03-15 00:59:23,9.4942,50.8122,76.57,81,100,9.17
346,Sisimiut,GL,2021-03-15 00:59:24,66.9395,-53.6735,7.23,83,100,10.18
347,Asau,RO,2021-03-15 00:59:24,46.4333,26.4,39.99,59,100,2.33
348,Berlevag,NO,2021-03-15 00:59:24,70.8578,29.0864,29.68,92,100,13.09
349,Kudahuvadhoo,MV,2021-03-15 00:59:25,2.6708,72.8944,82.38,71,98,7.47
350,Manokwari,ID,2021-03-15 00:59:25,-0.8667,134.0833,83.17,68,29,5.08
351,Aksarka,RU,2021-03-15 00:59:25,66.5606,67.7975,11.01,91,100,6.51
352,Kathmandu,NP,2021-03-15 00:59:21,27.7167,85.3167,51.8,93,20,2.3
353,Saint Anthony,US,2021-03-15 00:59:26,45.0205,-93.218,44.6,29,1,13.8
354,Peyima,SL,2021-03-15 00:59:26,8.7,-11.0333,73.02,86,85,1.05
355,Yumen,CN,2021-03-15 00:59:27,40.2833,97.2,35.85,27,3,29.82
356,Yelizovo,RU,2021-03-15 00:59:27,53.1873,158.3805,37.4,44,0,2.24
357,Labytnangi,RU,2021-03-15 00:59:27,66.6572,66.4183,10.81,89,100,3.2
358,Baraboo,US,2021-03-15 00:59:28,43.4711,-89.7443,36.0,64,1,13.8
359,Havoysund,NO,2021-03-15 00:59:28,70.9963,24.6622,24.8,86,75,8.05
360,Kawalu,ID,2021-03-15 00:59:28,-7.3817,108.2082,79.52,82,81,1.19
361,Sunbury,AU,2021-03-15 00:56:03,-37.5833,144.7333,68.0,59,75,8.05
362,Vajszlo,HU,2021-03-15 00:59:29,45.8596,17.9841,39.99,86,100,4.0
363,Amapa,BR,2021-03-15 00:59:29,1.0,-52.0,72.14,99,100,2.24
364,Anse-Bertrand,GP,2021-03-15 00:59:30,16.4721,-61.5078,77.0,73,0,4.61
365,Coffs Harbour,AU,2021-03-15 00:59:30,-30.3,153.1333,70.0,73,90,19.57
366,Portland,US,2021-03-15 00:57:52,45.5234,-122.6762,44.6,76,90,17.27
367,Belchatow,PL,2021-03-15 00:59:31,51.3688,19.3567,30.99,95,31,5.64
368,Kitgum,UG,2021-03-15 00:59:31,3.2783,32.8867,75.43,44,79,2.86
369,Kolpashevo,RU,2021-03-15 00:59:31,58.3131,82.9089,2.71,96,93,6.96
370,Cap Malheureux,MU,2021-03-15 00:59:32,-19.9842,57.6142,75.99,93,100,1.01
371,Brae,GB,2021-03-15 00:59:32,60.3964,-1.353,42.8,81,75,13.8
372,Puri,IN,2021-03-15 00:59:32,19.8,85.85,75.2,94,0,3.06
373,Solnechnyy,RU,2021-03-15 00:59:33,50.7214,136.6319,33.64,75,18,9.35
374,Baruun-Urt,MN,2021-03-15 00:59:33,46.6806,113.2792,16.07,26,0,22.21
375,Puerto Maldonado,PE,2021-03-15 00:59:20,-12.6,-69.1833,75.25,92,100,2.33
376,San Quintin,MX,2021-03-15 00:59:34,30.4833,-115.95,55.99,75,100,15.66
377,Acapulco,MX,2021-03-15 00:58:52,16.8634,-99.8901,82.4,69,20,6.91
378,Kaeo,NZ,2021-03-15 00:59:34,-35.1,173.7833,73.99,68,7,10.0
379,Sioux Lookout,CA,2021-03-15 00:59:35,50.1001,-91.917,28.4,31,20,4.61
380,Mandalgovi,MN,2021-03-15 00:59:35,45.7625,106.2708,12.27,40,36,11.43
381,Matay,EG,2021-03-15 00:59:35,28.419,30.7792,56.08,73,33,13.18
382,Nizhneivkino,RU,2021-03-15 00:59:36,58.194,49.5214,24.42,92,99,9.93
383,Kitimat,CA,2021-03-15 00:59:36,54.0524,-128.6534,39.0,67,14,4.81
384,Port Shepstone,ZA,2021-03-15 00:59:36,-30.7414,30.455,73.18,89,64,12.37
385,Rafai,CF,2021-03-15 00:59:37,4.95,23.9167,69.39,84,100,4.32
386,Pringsewu,ID,2021-03-15 00:59:37,-5.3582,104.9744,79.27,83,0,1.86
387,Great Yarmouth,GB,2021-03-15 00:59:38,52.6083,1.7305,46.4,87,90,13.8
388,Tilichiki,RU,2021-03-15 00:59:38,60.4667,166.1,1.26,88,6,4.34
389,Tefe,BR,2021-03-15 00:59:32,-3.3542,-64.7114,74.75,92,9,1.21
390,Evensk,RU,2021-03-15 00:59:39,61.95,159.2333,1.0,68,71,1.99
391,Esna,EG,2021-03-15 00:59:39,25.2934,32.554,66.2,27,0,3.44
392,Tateyama,JP,2021-03-15 00:59:39,34.9833,139.8667,57.0,29,30,4.0
393,Antibes,FR,2021-03-15 00:59:40,43.5624,7.1278,51.8,30,0,13.8
394,Brigantine,US,2021-03-15 00:59:40,39.4101,-74.3646,46.4,34,1,13.8
395,Athabasca,CA,2021-03-15 00:59:40,54.7169,-113.2854,48.2,46,88,2.3
396,Aklavik,CA,2021-03-15 01:07:38,68.2191,-135.0107,-4.0,59,91,4.61
397,Manzhouli,CN,2021-03-15 00:59:41,49.6,117.4333,16.02,82,100,40.6
398,Khash,IR,2021-03-15 00:59:41,28.2211,61.2158,46.9,53,0,1.01
399,Verkhoyansk,RU,2021-03-15 00:59:42,67.5447,133.385,1.26,76,100,4.72
400,Salinas,US,2021-03-15 00:57:15,36.6777,-121.6555,60.8,51,40,10.36
401,Wajid,SO,2021-03-15 00:59:42,3.8093,43.2471,75.07,79,1,14.14
402,Taoudenni,ML,2021-03-15 00:54:56,22.6783,-3.9836,72.45,33,77,14.43
403,College,US,2021-03-15 00:59:43,64.8569,-147.8028,21.99,35,20,3.44
404,Labuhan,ID,2021-03-15 00:59:43,-6.8844,112.2051,80.89,79,97,5.01
405,Imeni Poliny Osipenko,RU,2021-03-15 00:59:43,52.4201,136.4853,31.71,88,59,15.23
406,Mikkeli,FI,2021-03-15 00:59:44,61.6886,27.2723,32.0,98,90,4.21
407,Anadyr,RU,2021-03-15 00:59:44,64.75,177.4833,5.0,78,75,13.42
408,Beruwala,LK,2021-03-15 00:59:44,6.4788,79.9828,75.67,87,9,4.18
409,Karasburg,NA,2021-03-15 00:59:45,-28.0167,18.75,64.96,47,61,11.23
410,Bundaberg,AU,2021-03-15 00:59:45,-24.85,152.35,90.0,58,40,5.75
411,Tombouctou,ML,2021-03-15 00:59:46,20.0,-3.0,71.26,33,0,10.0
412,Aksu,CN,2021-03-15 00:59:46,41.1231,80.2644,47.39,38,58,6.73
413,Humberto De Campos,BR,2021-03-15 00:59:46,-2.5983,-43.4611,74.95,93,63,3.65
414,Skjervoy,NO,2021-03-15 00:59:47,70.0311,20.9714,33.94,84,100,6.78
415,Kayerkan,RU,2021-03-15 00:59:47,69.3497,87.7602,-27.58,99,35,4.88
416,Apatity,RU,2021-03-15 00:59:47,67.5641,33.4031,16.99,97,70,1.45
417,Tvoroyri,FO,2021-03-15 00:59:48,61.5556,-6.8111,39.2,81,75,9.22
418,Roald,NO,2021-03-15 00:59:48,62.5833,6.1333,37.4,87,0,11.5
419,Alofi,NU,2021-03-15 00:59:49,-19.0595,-169.9187,86.0,70,75,9.22
420,Grand Gaube,MU,2021-03-15 00:55:09,-20.0064,57.6608,75.99,93,100,14.76
421,Morro Da Fumaca,BR,2021-03-15 00:59:49,-28.6508,-49.21,70.2,97,38,4.85
422,Tautira,PF,2021-03-15 00:59:50,-17.7333,-149.15,89.6,62,40,6.91
423,Harwich,GB,2021-03-15 00:59:50,51.9419,1.2844,46.99,73,99,13.0
424,Lhokseumawe,ID,2021-03-15 00:59:50,5.1801,97.1507,79.5,74,23,3.38
425,Sibolga,ID,2021-03-15 00:59:51,1.7427,98.7792,79.11,78,60,3.22
426,Virginia Beach,US,2021-03-15 00:59:51,36.8529,-75.978,62.6,23,75,9.22
427,Oktyabrskoye,RU,2021-03-15 00:59:51,43.0645,44.7417,23.0,93,0,2.24
428,Anqiu,CN,2021-03-15 00:55:18,36.4342,119.1925,51.73,77,100,6.26
429,Aradippou,CY,2021-03-15 00:59:52,34.95,33.5917,57.2,82,40,3.44
430,Leshukonskoye,RU,2021-03-15 00:59:52,64.8989,45.7622,29.35,94,100,7.38
431,Velykoploske,UA,2021-03-15 00:59:53,47.0125,29.6717,41.0,93,90,8.05
432,Port Macquarie,AU,2021-03-15 00:59:53,-31.4333,152.9167,72.0,72,100,1.99
433,Southbridge,US,2021-03-15 00:59:53,42.0751,-72.0334,27.0,25,23,5.99
434,Nahavand,IR,2021-03-15 00:59:54,34.1885,48.377,45.79,62,100,2.8
435,Broome,US,2021-03-15 00:59:54,42.2506,-75.833,27.0,46,75,16.11
436,Tual,ID,2021-03-15 00:59:54,-5.6667,132.75,83.64,69,99,4.27
437,Wuhu,CN,2021-03-15 00:59:55,31.3366,118.3755,57.2,82,87,8.95
438,Codrington,AU,2021-03-15 00:59:55,-38.2667,141.9667,66.83,62,87,9.35
439,Konstantinovka,RU,2021-03-15 00:59:55,49.6167,127.9833,40.68,78,100,14.54
440,Kholm,RU,2021-03-15 00:59:56,59.2667,32.85,33.42,95,100,6.85
441,Bose,IT,2021-03-15 00:59:56,45.4612,8.0137,43.0,45,0,1.01
442,San Policarpo,PH,2021-03-15 00:59:56,12.1791,125.5072,81.52,80,12,9.01
443,Puerto Leguizamo,CO,2021-03-15 00:59:57,-0.1934,-74.7819,75.58,86,95,2.42
444,San Lawrenz,MT,2021-03-15 00:59:57,36.0553,14.204,57.0,82,20,16.11
445,Sai Buri,TH,2021-03-15 00:59:58,6.7013,101.6168,75.2,88,20,5.75
446,Maiduguri,NG,2021-03-15 00:59:58,11.8464,13.1603,84.0,16,100,7.87
447,Neiafu,TO,2021-03-15 00:59:58,-18.65,-173.9833,86.0,70,40,8.05
448,Mar Del Plata,AR,2021-03-15 01:03:49,-38.0023,-57.5575,70.0,88,0,3.44
449,Marsh Harbour,BS,2021-03-15 00:59:59,26.5412,-77.0636,72.66,65,9,6.8
450,Moron,AR,2021-03-15 00:56:17,-34.6534,-58.6198,78.01,50,0,4.0
451,Karasjok,NO,2021-03-15 00:59:59,69.4719,25.5112,24.8,93,100,2.86
452,Casablanca,MA,2021-03-15 00:57:07,33.5928,-7.6192,60.01,87,0,4.61
453,Mugur-Aksy,RU,2021-03-15 01:00:00,50.35,90.5,3.07,63,100,4.88
454,Taltal,CL,2021-03-15 01:00:00,-25.4,-70.4833,64.92,87,62,4.76
455,Olafsvik,IS,2021-03-15 01:00:01,64.8945,-23.7142,34.63,85,100,13.58
456,Saint Charles,US,2021-03-15 01:00:01,38.7667,-90.7335,50.0,66,90,8.05
457,Itoman,JP,2021-03-15 01:00:02,26.1247,127.6694,69.8,56,20,5.75
458,Chechat,IN,2021-03-15 01:00:02,24.7667,75.8833,68.0,68,65,0.31
459,Nantucket,US,2021-03-15 00:55:50,41.2835,-70.0995,32.0,69,40,20.71
460,Deputatskiy,RU,2021-03-15 01:00:03,69.3,139.9,-7.51,78,66,2.13
461,Okato,NZ,2021-03-15 01:00:03,-39.2,173.8833,71.01,66,86,13.0
462,Birnin Kebbi,NG,2021-03-15 01:00:04,12.4539,4.1975,80.64,14,100,10.96
463,Ust-Omchug,RU,2021-03-15 01:00:04,61.15,149.6333,-0.6,84,9,1.23
464,Kenora,CA,2021-03-15 00:56:15,49.8167,-94.4337,33.01,32,40,5.75
465,Port-Gentil,GA,2021-03-15 01:07:49,-0.7193,8.7815,78.98,83,100,6.22
466,San Luis,AR,2021-03-15 00:56:30,-33.295,-66.3356,67.69,70,0,6.51
467,Columbia,US,2021-03-15 00:57:13,34.0007,-81.0348,71.6,53,75,4.61
468,Campbellford,CA,2021-03-15 00:56:35,44.3084,-77.7995,23.0,39,56,1.99
469,Watertown,US,2021-03-15 01:00:06,42.3709,-71.1828,27.0,43,1,24.16
470,Pinsk,BY,2021-03-15 01:00:06,52.1229,26.0951,33.69,94,14,7.18
471,Mount Gambier,AU,2021-03-15 01:00:07,-37.8333,140.7667,64.4,82,75,9.22
472,Misratah,LY,2021-03-15 01:00:07,32.3754,15.0925,57.58,70,0,15.59
473,Severnyy-Kospashskiy,RU,2021-03-15 01:00:08,59.0925,57.8008,16.0,74,100,3.0
474,Luwingu,ZM,2021-03-15 01:00:08,-10.2621,29.9271,58.35,95,33,2.53
475,Halmstad,SE,2021-03-15 01:00:09,56.6745,12.8568,41.0,93,75,14.52
476,Parsons,US,2021-03-15 01:00:09,37.3403,-95.2611,53.6,82,40,5.75
477,Mariager,DK,2021-03-15 01:00:10,56.6498,9.9752,39.99,95,100,10.0
478,Paamiut,GL,2021-03-15 01:00:10,61.994,-49.6678,26.83,74,100,9.82
479,Sao Filipe,CV,2021-03-15 01:00:10,14.8961,-24.4956,70.95,71,0,5.01
480,Ipixuna,BR,2021-03-15 01:00:11,-1.7625,-48.8043,75.2,94,40,8.05
481,Scottsboro,US,2021-03-15 01:00:11,34.6723,-86.0341,69.8,60,75,9.22
482,Nizhniy Kislyay,RU,2021-03-15 01:00:11,50.8497,40.1719,30.06,88,100,13.8
483,Uribia,CO,2021-03-15 01:00:12,11.7139,-72.266,78.31,71,97,16.67
484,Andros Town,BS,2021-03-15 01:00:12,24.7,-77.7667,71.6,78,0,5.75
485,Helong,CN,2021-03-15 01:00:13,42.5397,128.9972,49.48,38,100,3.98
486,Bilma,NE,2021-03-15 01:00:13,18.6853,12.9164,77.36,14,0,9.22
487,Bucyrus,US,2021-03-15 00:57:26,40.8084,-82.9755,37.4,52,1,19.57
488,Santa Rosalia,MX,2021-03-15 01:00:13,27.3167,-112.2833,62.55,35,0,2.21
489,Tecalitlan,MX,2021-03-15 01:00:14,19.4667,-103.3,78.8,65,1,6.06
490,Hamilton,US,2021-03-15 00:59:34,39.1834,-84.5333,52.0,46,1,3.44
491,Alice Springs,AU,2021-03-15 01:00:14,-23.7,133.8833,64.4,63,40,12.66
492,Stromness,GB,2021-03-15 01:00:15,58.965,-3.296,41.0,87,20,13.8
493,Erzin,TR,2021-03-15 01:00:15,36.9559,36.2,57.99,76,100,3.4
494,Baiyin,CN,2021-03-15 01:00:15,36.5583,104.2081,33.8,32,0,6.71
495,Mangrol,IN,2021-03-15 01:00:16,21.1167,70.1167,73.4,51,0,11.97
496,Ibra,OM,2021-03-15 01:00:16,22.6906,58.5334,63.03,45,49,1.77
497,Sangar,RU,2021-03-15 01:00:17,63.9242,127.4739,2.28,91,100,13.38
498,Lompoc,US,2021-03-15 00:56:40,34.6391,-120.4579,55.4,62,20,12.66
499,Gimli,CA,2021-03-15 01:00:17,50.6336,-96.9907,26.6,86,0,4.61
500,Myitkyina,MM,2021-03-15 01:00:18,25.3833,97.4,68.0,67,0,1.32
501,Saint-Augustin,CA,2021-03-15 01:00:18,51.226,-58.6502,7.74,84,100,17.18
502,Toamasina,MG,2021-03-15 01:00:19,-18.1667,49.3833,73.4,94,75,5.75
503,Maningrida,AU,2021-03-15 01:00:19,-12.0667,134.2667,86.86,69,30,2.21
504,Khorixas,NA,2021-03-15 01:00:19,-20.3667,14.9667,69.84,72,84,1.41
505,Mbandaka,CD,2021-03-15 01:00:20,0.0487,18.2603,73.22,89,100,3.62
506,Semporna,MY,2021-03-15 01:00:20,4.4818,118.6112,80.6,89,20,2.3
507,La Ronge,CA,2021-03-15 01:00:20,55.1001,-105.2842,46.4,46,40,17.27
508,Alta Floresta,BR,2021-03-15 01:00:09,-9.8756,-56.0861,71.64,94,82,1.3
509,Usinsk,RU,2021-03-15 01:00:21,65.9939,57.5281,20.12,94,100,17.67
510,Kodinsk,RU,2021-03-15 01:00:21,58.6881,99.1844,-0.92,97,52,5.23
511,Kiboga,UG,2021-03-15 01:00:22,0.9161,31.7742,63.39,67,6,3.24
512,Port Moresby,PG,2021-03-15 01:00:22,-9.4431,147.1797,84.2,74,75,11.5
513,Trofors,NO,2021-03-15 01:00:23,65.5333,13.4063,33.8,100,90,5.75
514,Vitim,RU,2021-03-15 01:00:23,59.4511,112.5578,0.1,93,49,7.07
515,Egvekinot,RU,2021-03-15 01:00:23,66.3167,-179.1667,10.22,92,100,3.85
516,San Marcos,US,2021-03-15 01:00:24,33.1434,-117.1661,57.99,58,1,9.22
517,Charleston,US,2021-03-15 00:55:37,32.7766,-79.9309,64.4,100,100,5.37
518,La Libertad,EC,2021-03-15 01:00:24,-2.2333,-80.9,79.97,72,100,5.53
519,Yanam,IN,2021-03-15 01:00:24,16.7333,82.2167,75.2,83,34,5.75
520,Inirida,CO,2021-03-15 01:00:25,3.8653,-67.9239,75.94,85,29,2.35
521,Gazanjyk,TM,2021-03-15 01:00:25,39.2446,55.5154,19.24,93,26,10.54
522,Hobyo,SO,2021-03-15 01:00:26,5.3505,48.5268,79.52,81,100,17.22
523,Sirajganj,BD,2021-03-15 01:00:26,24.45,89.7167,74.03,57,0,4.14
524,Kemin,KG,2021-03-15 01:00:26,42.7846,75.6892,17.42,90,63,0.38
525,Zhigansk,RU,2021-03-15 01:00:27,66.7697,123.3711,-19.61,84,4,9.64
526,Aripuana,BR,2021-03-15 01:00:27,-9.1667,-60.6333,73.08,96,78,0.51
527,Gizo,SB,2021-03-15 01:00:27,-8.103,156.8419,83.44,70,100,5.32
528,San Benito,US,2021-03-15 01:00:28,36.6166,-121.0844,59.0,66,92,4.7
529,Nikolayevsk-Na-Amure,RU,2021-03-15 01:00:28,53.1406,140.73,39.56,94,0,3.98
530,Sulangan,PH,2021-03-15 01:00:29,11.1373,123.7228,81.0,79,0,5.7
531,Anshun,CN,2021-03-15 01:00:29,26.25,105.9333,59.11,89,100,9.06
532,Posevnaya,RU,2021-03-15 01:00:29,54.3006,83.3297,0.45,95,100,6.4
533,Metro,ID,2021-03-15 01:00:30,-5.1131,105.3067,78.57,83,1,3.33
534,Rovaniemi,FI,2021-03-15 01:00:30,66.5,25.7167,23.0,93,90,3.44
535,Teguldet,RU,2021-03-15 01:04:42,57.3064,88.1667,-0.22,97,100,5.23
536,Batagay,RU,2021-03-15 01:00:31,67.6333,134.6333,-0.83,85,100,5.26
537,Sorong,ID,2021-03-15 01:00:31,-0.8833,131.25,83.59,72,38,6.91
538,Shihezi,CN,2021-03-15 01:00:31,44.3,86.0333,29.55,96,100,5.17
539,Kirakira,SB,2021-03-15 01:00:32,-10.4544,161.9205,83.46,74,32,4.92
540,Waingapu,ID,2021-03-15 01:00:33,-9.6567,120.2641,80.26,83,100,4.18
541,Kozhevnikovo,RU,2021-03-15 01:00:33,56.2589,83.9714,1.99,87,100,4.0
542,Alekseyevsk,RU,2021-03-15 01:00:33,57.8406,108.3492,3.6,93,79,8.88
543,Maceio,BR,2021-03-15 01:00:34,-9.6658,-35.7353,73.4,88,0,1.14
544,Crossfield,CA,2021-03-15 01:00:12,51.4334,-114.0353,60.8,16,40,10.36
545,Bardiyah,LY,2021-03-15 01:00:34,31.7561,25.0865,54.91,77,0,4.72
546,Djambala,CG,2021-03-15 01:00:35,-2.5447,14.7533,69.48,93,100,4.29
547,Nerchinskiy Zavod,RU,2021-03-15 01:00:35,51.3088,119.61,17.19,87,100,27.98
548,Mokrin,RS,2021-03-15 01:00:35,45.9358,20.4072,46.99,92,100,1.99
549,Nago,JP,2021-03-15 01:00:36,26.5881,127.9761,69.8,46,20,9.22
550,Mumford,GH,2021-03-15 01:00:36,5.2618,-0.759,78.82,78,100,2.26
551,Dongsheng,CN,2021-03-15 01:00:36,39.8161,109.9776,26.28,22,8,17.98
552,Batemans Bay,AU,2021-03-15 01:00:11,-35.7167,150.1833,66.0,54,4,3.0
553,Santa Barbara,US,2021-03-15 00:56:58,34.7333,-120.0343,55.0,62,40,10.36
554,Opuwo,NA,2021-03-15 01:00:37,-18.0607,13.84,67.86,79,9,2.39
555,Charters Towers,AU,2021-03-15 01:00:37,-20.1,146.2667,84.13,53,0,6.93
556,Natal,BR,2021-03-15 01:00:38,-5.795,-35.2094,80.6,74,20,9.22
557,Santa Fe,AR,2021-03-15 01:00:10,-31.6333,-60.7,80.6,32,80,6.42
558,Petropavlovsk-Kamchatskiy,RU,2021-03-15 01:00:38,53.0452,158.6483,37.4,44,0,2.24
559,Vilhena,BR,2021-03-15 01:00:39,-12.7406,-60.1458,69.19,94,92,0.74
560,Kokstad,ZA,2021-03-15 01:00:39,-30.5472,29.4241,55.63,93,0,2.21
561,Soyo,AO,2021-03-15 01:00:39,-6.1349,12.3689,80.51,80,100,7.92
562,Bambanglipuro,ID,2021-03-15 01:00:40,-7.95,110.2833,81.0,77,99,3.27
563,Nueva Loja,EC,2021-03-15 01:00:40,0.0847,-76.8828,72.86,95,100,1.97
564,Changping,CN,2021-03-15 01:00:40,40.2186,116.2197,53.6,19,0,20.13
565,Pingdu,CN,2021-03-15 01:00:41,36.7844,119.9464,51.01,81,75,15.66
566,Nanortalik,GL,2021-03-15 01:00:41,60.1432,-45.2371,29.25,84,100,9.93
567,Sarangani,PH,2021-03-15 01:00:41,5.4033,125.4636,82.69,72,0,2.84
568,Anchorage,US,2021-03-15 00:58:13,61.2181,-149.9003,21.99,49,90,5.75
569,Wilmington,US,2021-03-15 01:00:42,34.2257,-77.9447,68.0,52,1,5.75
570,Varginha,BR,2021-03-15 01:00:42,-21.5514,-45.4303,64.83,96,100,5.59
571,Belmonte,BR,2021-03-15 01:00:43,-15.8631,-38.8828,78.8,73,0,9.22
572,Thabazimbi,ZA,2021-03-15 01:00:43,-24.5917,27.4116,64.49,71,0,3.62
573,Barabinsk,RU,2021-03-15 01:00:43,55.3571,78.357,-6.45,99,82,7.81
574,Caceres,ES,2021-03-15 01:00:44,39.522,-6.3748,44.51,79,6,5.01
575,Yerbogachen,RU,2021-03-15 01:00:44,61.2767,108.0108,3.99,92,100,12.21
576,Hondo,JP,2021-03-15 01:00:44,32.45,130.2,50.0,81,34,3.44
577,Clonakilty,IE,2021-03-15 01:00:45,51.6231,-8.8706,48.0,81,75,11.5
578,Semey,KZ,2021-03-15 01:00:45,50.4111,80.2275,-4.0,77,0,2.24
579,Guanica,PR,2021-03-15 01:00:46,17.9716,-66.908,75.99,50,100,5.01
580,Havelock,US,2021-03-15 01:00:46,34.8791,-76.9013,63.0,44,100,7.4
581,Atambua,ID,2021-03-15 01:00:46,-9.1061,124.8925,80.33,75,99,2.24
582,Borovskoy,KZ,2021-03-15 01:00:47,53.8,64.15,5.02,86,0,8.28
583,Mogok,MM,2021-03-15 00:56:26,22.9167,96.5,68.52,35,0,1.03
584,Mareeba,AU,2021-03-15 01:00:47,-17.0,145.4333,89.01,58,90,5.75
585,Vangaindrano,MG,2021-03-15 01:00:48,-23.35,47.6,72.25,89,42,3.78
586,Gualeguay,AR,2021-03-15 01:00:48,-33.1416,-59.3097,74.1,38,10,9.28
587,Ascension,US,2021-03-15 01:00:49,30.2169,-90.9001,75.2,73,75,8.05
588,Atengo,MX,2021-03-15 01:00:49,20.1667,-99.3333,67.12,43,73,7.47
589,Ergani,TR,2021-03-15 01:00:49,38.2653,39.7621,44.6,81,75,4.61
590,Bubaque,GW,2021-03-15 01:00:50,11.2833,-15.8333,78.1,66,0,13.47
591,Bonnyville,CA,2021-03-15 01:00:50,54.2668,-110.735,50.0,50,75,11.5
592,Guozhen,CN,2021-03-15 01:00:50,34.3659,107.359,61.99,57,0,2.01
593,Bagdarin,RU,2021-03-15 01:00:51,54.4333,113.6,4.19,59,0,9.28
594,Kismayo,SO,2021-03-15 00:59:19,-0.3582,42.5454,77.49,80,11,10.71
595,Dzierzoniow,PL,2021-03-15 00:58:48,50.7282,16.6514,34.0,87,11,5.5
596,Sinnamary,GF,2021-03-15 01:00:51,5.3833,-52.95,77.05,86,100,9.8
597,Ozernovskiy,RU,2021-03-15 01:00:52,51.5,156.5167,35.69,70,0,5.17
598,Kasongo-Lunda,CD,2021-03-15 01:00:52,-6.4667,16.8167,68.72,95,100,0.4
599,Marawi,PH,2021-03-15 01:00:52,7.9986,124.2928,81.0,77,0,4.0
600,Camacha,PT,2021-03-15 01:00:53,33.0833,-16.3333,60.8,72,40,6.91
601,Hatillo,PR,2021-03-15 01:00:53,18.4863,-66.8254,75.99,73,1,12.66
602,Howell,US,2021-03-15 01:00:53,42.6073,-83.9294,35.01,44,1,6.24
603,Jalu,LY,2021-03-15 01:00:54,29.0331,21.5482,57.27,50,0,8.72
604,Caborca,MX,2021-03-15 01:00:54,30.5838,-111.101,66.99,23,0,4.0
605,Esil,KZ,2021-03-15 01:00:55,51.9556,66.4042,-3.98,91,0,4.79
606,Ponta Delgada,PT,2021-03-15 01:00:55,37.7333,-25.6667,60.8,100,75,6.91
607,Arrifes,PT,2021-03-15 01:00:55,37.7667,-25.7,60.8,100,75,6.91
608,Yaan,NG,2021-03-15 01:00:56,7.3833,8.5667,75.15,79,47,7.72
609,Bath,GB,2021-03-15 01:00:56,51.3779,-2.3591,48.99,86,80,3.0
610,Dauriya,RU,2021-03-15 01:00:56,49.9333,116.8667,13.84,66,100,38.25
611,Antalaha,MG,2021-03-15 01:00:57,-14.9003,50.2788,75.33,89,10,6.4
612,Lusambo,CD,2021-03-15 01:00:57,-4.9667,23.45,70.92,92,100,0.67
613,Floro,NO,2021-03-15 01:00:57,61.5996,5.0328,39.2,56,0,4.61
614,Ayorou,NE,2021-03-15 01:00:58,14.7308,0.9174,78.08,18,0,9.62
615,Avera,US,2021-03-15 01:00:58,33.194,-82.5271,71.6,82,1,3.44
616,Troy,US,2021-03-15 01:00:59,42.6056,-83.1499,33.01,51,1,8.05
617,Upington,ZA,2021-03-15 01:00:59,-28.4478,21.2561,69.8,73,75,10.36
618,Lucapa,AO,2021-03-15 01:00:59,-8.4192,20.7447,63.46,93,85,2.89
619,Chifeng,CN,2021-03-15 01:01:00,42.2683,118.9636,36.54,18,0,23.06
620,Lorengau,PG,2021-03-15 01:01:00,-2.0226,147.2712,86.27,63,99,3.78
621,Antofagasta,CL,2021-03-15 00:59:30,-23.65,-70.4,68.0,77,75,9.22
622,Teeli,RU,2021-03-15 01:01:00,51.0333,90.2333,3.67,70,100,1.59
623,Nawada,IN,2021-03-15 01:01:01,24.8833,85.5333,60.8,88,0,4.79
624,Yemtsa,RU,2021-03-15 01:01:01,63.0734,40.3329,23.22,96,100,5.46
625,Rio Gallegos,AR,2021-03-15 01:01:02,-51.6226,-69.2181,57.2,72,75,5.75
626,Hargeysa,SO,2021-03-15 01:01:02,9.56,44.065,60.85,94,2,3.02
627,Hofn,IS,2021-03-15 01:01:02,64.2539,-15.2082,34.29,87,100,6.02
628,Grants,US,2021-03-15 01:01:03,35.1473,-107.8514,39.2,56,75,21.85
629,Sobolevo,RU,2021-03-15 01:01:03,54.4299,31.8996,34.61,98,100,11.12
630,Conceicao Do Araguaia,BR,2021-03-15 01:01:03,-8.2578,-49.2647,74.03,94,24,1.5
631,Teacapan,MX,2021-03-15 01:01:04,22.55,-105.75,67.73,60,0,10.22
632,Verkhnevilyuysk,RU,2021-03-15 01:01:04,63.4453,120.3167,-10.7,90,79,9.51
633,Tolaga Bay,NZ,2021-03-15 01:01:04,-38.3667,178.3,70.36,67,0,9.98
634,Bukama,CD,2021-03-15 01:01:05,-9.2,25.85,65.19,90,16,3.42
635,Guadalupe Y Calvo,MX,2021-03-15 01:01:05,26.1,-106.9667,49.93,17,23,5.77
636,Coquimbo,CL,2021-03-15 01:01:05,-29.9533,-71.3436,60.8,82,0,8.05
637,Mzimba,MW,2021-03-15 01:01:06,-11.9,33.6,61.14,91,79,4.25
638,Arman,RU,2021-03-15 01:01:06,59.7,150.1667,11.75,69,18,2.98
639,Mazamet,FR,2021-03-15 01:01:07,43.49,2.373,44.6,81,90,14.97
640,Cayenne,GF,2021-03-15 01:01:07,4.9333,-52.3333,77.0,100,75,10.07
641,Hun,LY,2021-03-15 01:01:07,29.1268,15.9477,55.54,67,0,6.6
642,Rurrenabaque,BO,2021-03-15 01:01:08,-14.4413,-67.5278,73.89,98,100,2.66
643,Gejiu,CN,2021-03-15 01:01:08,23.306,103.1635,54.3,84,100,5.44
644,Lewisburg,US,2021-03-15 01:01:09,35.4492,-86.7889,64.4,59,100,9.22
645,Asotthalom,HU,2021-03-15 01:01:09,46.1987,19.7833,44.01,64,100,10.36
646,Hovd,MN,2021-03-15 01:01:09,48.0056,91.6419,17.01,22,100,3.76
647,Dandong,CN,2021-03-15 01:01:10,40.1292,124.3947,45.61,76,100,12.08
648,Jacareacanga,BR,2021-03-15 01:01:10,-6.2222,-57.7528,73.15,97,22,1.3
649,Maragogi,BR,2021-03-15 01:01:10,-9.0122,-35.2225,77.58,75,100,6.6
650,Cubuk,TR,2021-03-15 01:01:11,40.2386,33.0322,46.0,75,75,3.44
651,Acajutla,SV,2021-03-15 01:01:11,13.5928,-89.8275,73.0,95,0,1.99
652,Hearst,CA,2021-03-15 01:01:11,49.6835,-83.6665,12.2,40,15,4.61
653,Langham,CA,2021-03-15 01:01:12,52.3668,-106.9679,44.6,57,20,21.85
654,Panguna,PG,2021-03-15 01:01:12,-6.3164,155.4848,79.18,71,99,2.13
655,Oranzherei,RU,2021-03-15 01:01:13,45.8476,47.5663,19.4,86,0,4.47
656,Palu,ID,2021-03-15 01:01:13,-0.8917,119.8707,87.64,62,13,0.74
657,Hualmay,PE,2021-03-15 01:01:13,-11.0964,-77.6139,72.84,77,69,2.75
658,Mnogovershinnyy,RU,2021-03-15 01:01:14,53.9353,139.9242,33.15,88,1,9.15
659,Rafaela,AR,2021-03-15 01:01:14,-31.2503,-61.4867,77.05,50,51,3.71
660,Ullapool,GB,2021-03-15 01:01:14,57.8987,-5.1604,41.0,64,54,1.01
661,Saravena,CO,2021-03-15 01:01:15,6.9538,-71.8752,77.5,69,50,2.84
662,Sur,OM,2021-03-15 01:01:15,22.5667,59.5289,75.22,46,0,6.2
663,Tamandare,BR,2021-03-15 01:01:16,-8.7597,-35.1047,77.63,77,100,6.22
664,Pyay,MM,2021-03-15 01:01:16,18.8167,95.2167,74.28,39,0,4.21
665,Yar-Sale,RU,2021-03-15 01:01:16,66.8333,70.8333,6.1,93,93,4.9
666,Crepy-En-Valois,FR,2021-03-15 01:01:17,49.2336,2.8881,44.01,87,75,14.97
667,Obo,CF,2021-03-15 01:01:17,5.3998,26.4869,70.14,86,94,5.21
668,Songadh,IN,2021-03-15 00:59:10,21.1667,73.5667,70.84,23,0,0.25
669,Sorland,NO,2021-03-15 01:01:18,67.667,12.6934,38.21,66,86,12.01
670,Ahipara,NZ,2021-03-15 01:01:18,-35.1667,173.1667,70.39,71,50,3.04
671,Te Anau,NZ,2021-03-15 01:08:23,-45.4167,167.7167,57.79,92,99,4.74
672,Adrian,US,2021-03-15 01:01:19,41.8975,-84.0372,39.2,41,1,8.05
673,La Victoria,VE,2021-03-15 00:56:36,10.2184,-67.3302,77.0,90,85,12.66
674,Chumikan,RU,2021-03-15 01:01:19,54.7183,135.315,28.18,94,100,9.95
675,Necochea,AR,2021-03-15 01:01:19,-38.5473,-58.7368,59.0,89,0,3.27
676,Monte Patria,CL,2021-03-15 01:01:20,-30.6919,-70.9467,61.43,72,0,1.74
677,Catuday,PH,2021-03-15 01:01:20,16.2923,119.8062,81.19,66,56,8.75
678,Harper,LR,2021-03-15 01:01:20,4.375,-7.7169,78.37,88,100,7.02
679,Raudeberg,NO,2021-03-15 01:01:21,61.9875,5.1352,36.0,85,0,17.16
680,Yekaterinovka,RU,2021-03-15 01:01:21,52.0508,44.3451,19.56,89,95,12.15
681,Erenhot,CN,2021-03-15 01:01:22,43.6475,111.9767,19.69,22,0,20.31
682,Bayir,TR,2021-03-15 01:01:22,37.2687,28.2167,53.6,100,75,4.61
683,Honiara,SB,2021-03-15 01:01:22,-9.4333,159.95,83.5,81,87,6.15
684,Lazi,UA,2021-03-15 01:01:23,48.0667,24.2333,38.88,98,100,3.89
685,Ndjole,GA,2021-03-15 01:01:23,-0.1783,10.7649,74.03,98,100,1.1
686,Inverness,GB,2021-03-15 01:01:23,57.4791,-4.224,39.99,87,7,5.75
687,Rocha,UY,2021-03-15 01:01:24,-34.4833,-54.3333,59.31,88,2,1.86
688,Shizunai,JP,2021-03-15 01:01:24,42.3339,142.3669,43.27,77,0,9.26
689,La Rioja,ES,2021-03-15 01:01:24,42.25,-2.5,46.99,76,90,6.91
690,Nurota,UZ,2021-03-15 01:01:25,40.5614,65.6886,24.8,86,100,6.91
691,Sabha,LY,2021-03-15 01:01:25,27.0377,14.4283,58.69,59,4,18.84
692,Yuzhno-Kurilsk,RU,2021-03-15 01:01:25,44.0306,145.8556,33.44,95,100,19.44
693,Alto Araguaia,BR,2021-03-15 01:01:26,-17.3147,-53.2153,69.1,85,100,2.62
694,Chahuites,MX,2021-03-15 01:01:26,16.2833,-94.1833,79.0,79,6,5.08
695,Kapoeta,SS,2021-03-15 01:01:27,4.7717,33.5903,84.45,34,0,16.69
696,Noumea,NC,2021-03-15 00:58:55,-22.2763,166.4572,86.0,62,20,16.11
697,Koslan,RU,2021-03-15 01:01:27,63.4564,48.8989,23.88,95,100,7.11
698,Thanh Hoa,VN,2021-03-15 00:57:38,19.8,105.7667,74.93,79,43,7.56
699,Vanimo,PG,2021-03-15 01:01:28,-2.6741,141.3028,85.51,67,100,2.77
700,Caxito,AO,2021-03-15 01:01:28,-8.5785,13.6643,80.6,83,40,4.61
701,Plettenberg Bay,ZA,2021-03-15 01:01:29,-34.0527,23.3716,68.0,94,100,6.93
702,Abonnema,NG,2021-03-15 01:01:29,4.7084,6.7931,74.98,91,100,4.45
703,Dunedin,NZ,2021-03-15 01:01:29,-45.8742,170.5036,69.01,58,100,1.01
704,Voi,KE,2021-03-15 01:01:30,-3.3945,38.563,70.2,86,30,3.29
705,Krasne,UA,2021-03-15 01:01:30,49.9145,24.6134,37.4,81,0,2.24
706,Jinxiang,CN,2021-03-15 01:01:30,27.4327,120.6062,61.52,71,1,2.82
